mean_dist_day,mean_over_speed_perc,Cluster
71.24,28,3
52.53,25,3
64.54,27,3
55.69,22,3
54.58,25,3
41.91,10,2
58.64,20,3
52.02,8,2
31.25,34,3
44.31,19,2
49.35,40,3
58.07,45,3
44.22,22,3
55.73,19,2
46.63,43,3
52.97,32,3
46.25,35,3
51.55,27,3
57.05,26,3
58.45,30,3
43.42,23,3
55.68,37,3
55.15,18,2
43.84,22,3
59.26,32,3
37.14,41,3
64.3,29,3
45.75,16,2
45.97,23,3
56.04,39,3
33.64,45,3
41.67,33,3
50.68,39,3
54.22,35,3
56.2,29,3
46.16,41,3
50.22,24,3
49.66,33,3
38.61,37,3
55.28,36,3
57.87,41,3
61.69,12,2
37.41,21,3
53.83,32,3
62.98,22,3
46.97,13,2
58.03,24,3
59.87,36,3
81.34,31,3
48.56,26,3
17.66,23,3
46.01,21,3
45.34,26,3
39.64,31,3
51.22,36,3
36.21,31,3
47.32,55,3
54.87,27,3
58.97,6,2
57.3,42,3
59.94,32,3
61.72,25,3
53.19,23,3
35.13,38,3
48.47,20,3
51.17,43,3
42.14,39,3
54.31,35,3
48.93,32,3
53.51,44,3
51.72,24,3
49.86,10,2
49.2,41,3
60.2,39,3
54.06,20,3
72.91,30,3
61.92,40,3
44.2,24,3
60.75,39,3
68.36,37,3
56.39,20,3
38.19,15,2
66.19,27,3
58.2,17,2
47.55,22,3
37.62,16,2
17.81,26,3
31.25,29,3
61.0,41,3
40.98,33,3
53.69,24,3
51.46,9,2
64.57,29,3
53.79,23,3
64.28,34,3
38.41,24,3
58.89,42,3
44.17,33,3
50.41,43,3
63.63,28,3
45.78,24,3
55.61,20,3
67.23,5,2
49.69,38,3
54.6,30,3
40.94,59,3
43.84,36,3
56.36,19,2
69.53,23,3
51.48,19,2
52.93,41,3
55.52,8,2
52.14,23,3
62.86,21,3
37.53,33,3
63.47,25,3
62.11,33,3
43.52,25,3
47.97,27,3
42.27,37,3
56.05,30,3
62.08,37,3
35.25,53,3
39.81,25,3
60.27,33,3
53.41,22,3
56.28,27,3
53.31,25,3
55.24,30,3
44.97,29,3
40.3,43,3
47.18,42,3
46.4,34,3
35.11,15,2
54.33,38,3
54.59,64,3
61.67,50,3
52.39,19,2
52.37,6,2
40.84,25,3
27.42,27,3
44.79,31,3
59.84,37,3
36.0,45,3
47.64,10,2
51.85,37,3
59.73,15,2
42.96,37,3
51.84,27,3
59.62,23,3
58.82,30,3
50.93,30,3
41.35,23,3
24.58,45,3
57.74,22,3
38.14,33,3
51.82,20,3
41.37,17,2
55.01,24,3
64.56,53,3
46.09,35,3
57.81,20,3
46.31,23,3
66.62,37,3
42.89,17,2
40.82,23,3
50.55,41,3
40.43,40,3
53.36,25,3
44.83,27,3
35.87,35,3
46.95,23,3
47.75,20,3
57.12,26,3
38.03,43,3
54.31,45,3
50.29,39,3
33.6,24,3
45.13,44,3
31.68,31,3
72.36,4,2
48.43,55,3
44.48,36,3
56.54,20,3
54.11,50,3
49.51,29,3
50.66,36,3
61.82,23,3
50.45,15,2
67.7,43,3
41.61,12,2
39.63,31,3
36.08,31,3
45.18,27,3
49.33,28,3
48.66,45,3
53.81,25,3
35.57,44,3
48.83,39,3
69.14,40,3
60.75,59,3
52.01,39,3
47.88,45,3
40.3,30,3
48.52,30,3
55.06,37,3
48.45,28,3
58.65,40,3
69.29,21,3
51.7,21,3
69.95,18,2
53.04,37,3
47.97,27,3
64.01,26,3
61.76,23,3
49.98,28,3
81.96,27,3
56.56,25,3
51.69,30,3
54.83,40,3
54.97,39,3
44.07,27,3
45.95,40,3
42.24,22,3
43.52,49,3
51.33,31,3
56.68,55,3
51.06,24,3
41.95,28,3
53.56,27,3
47.86,45,3
43.74,34,3
41.22,39,3
45.82,42,3
44.74,25,3
53.88,30,3
44.4,29,3
59.01,35,3
53.27,19,2
45.62,25,3
53.16,53,3
50.91,51,3
33.53,42,3
46.92,33,3
59.24,35,3
48.37,32,3
50.26,21,3
38.14,30,3
63.42,26,3
57.46,14,2
63.79,33,3
58.13,30,3
56.35,41,3
52.95,3,2
55.65,27,3
29.44,34,3
49.58,39,3
31.3,33,3
43.48,29,3
48.94,34,3
43.93,32,3
53.83,36,3
53.69,21,3
60.33,8,2
40.97,42,3
49.29,21,3
56.06,34,3
66.16,32,3
32.61,23,3
37.37,25,3
46.04,38,3
57.17,33,3
41.06,31,3
47.21,36,3
55.74,44,3
56.34,25,3
61.53,11,2
61.4,38,3
59.03,29,3
26.76,22,3
48.24,34,3
50.84,33,3
64.25,28,3
23.06,15,2
47.25,23,3
59.19,33,3
32.71,17,2
48.87,25,3
58.68,24,3
51.16,25,3
49.48,34,3
16.05,36,3
53.49,51,3
57.19,19,2
49.38,37,3
38.82,16,2
49.88,37,3
48.81,30,3
58.86,42,3
45.22,39,3
49.25,25,3
71.53,49,3
49.41,38,3
63.19,21,3
48.68,22,3
50.11,34,3
43.56,24,3
49.36,23,3
23.03,21,3
36.14,30,3
37.48,26,3
46.35,35,3
41.54,27,3
66.05,36,3
47.09,27,3
33.84,35,3
41.45,37,3
56.09,9,2
54.66,34,3
53.23,47,3
53.51,33,3
48.56,37,3
35.91,30,3
58.04,28,3
37.16,19,2
42.45,16,2
62.65,41,3
51.42,35,3
46.31,22,3
51.36,33,3
63.62,41,3
56.54,39,3
48.58,36,3
30.37,37,3
51.75,37,3
61.68,24,3
56.54,33,3
41.22,13,2
46.08,35,3
53.21,39,3
57.95,21,3
53.4,45,3
50.32,40,3
62.06,37,3
32.9,36,3
43.48,15,2
47.76,25,3
41.61,4,2
28.72,37,3
53.37,40,3
37.81,34,3
48.7,46,3
53.23,40,3
43.47,33,3
64.55,30,3
59.34,38,3
29.92,49,3
45.67,39,3
44.99,36,3
51.07,13,2
57.87,38,3
57.9,34,3
45.41,32,3
66.97,33,3
49.37,40,3
49.54,21,3
51.73,61,3
29.68,30,3
66.12,38,3
52.68,30,3
50.32,46,3
63.2,40,3
45.12,25,3
38.69,22,3
50.77,32,3
48.0,23,3
55.36,47,3
53.11,48,3
38.51,28,3
38.96,21,3
27.4,30,3
34.95,35,3
68.86,31,3
60.4,28,3
37.33,38,3
59.63,24,3
33.92,43,3
43.98,6,2
53.74,31,3
45.51,33,3
55.09,19,2
68.87,18,2
58.44,19,2
43.75,19,2
47.07,33,3
47.89,28,3
53.3,41,3
57.02,37,3
43.44,31,3
38.49,21,3
61.08,24,3
62.52,41,3
60.04,34,3
53.63,20,3
44.96,46,3
43.37,50,3
31.88,30,3
41.01,37,3
53.72,13,2
48.05,18,2
63.38,41,3
55.92,22,3
51.54,22,3
39.27,34,3
59.22,14,2
57.77,14,2
60.84,9,2
63.59,21,3
53.12,30,3
58.89,9,2
61.69,36,3
49.56,24,3
45.44,29,3
50.28,21,3
47.42,35,3
45.8,28,3
38.07,23,3
44.13,24,3
51.91,59,3
51.7,36,3
39.66,19,2
49.73,26,3
52.86,24,3
55.81,29,3
42.86,24,3
52.31,25,3
62.35,28,3
32.9,16,2
48.51,23,3
45.33,12,2
49.09,12,2
37.89,14,2
67.15,17,2
48.01,32,3
45.44,28,3
52.54,22,3
59.23,40,3
31.85,37,3
49.4,54,3
51.11,25,3
64.34,47,3
58.32,42,3
46.99,13,2
65.75,34,3
62.34,12,2
51.33,38,3
50.0,27,3
63.06,27,3
64.66,24,3
54.99,36,3
40.95,35,3
52.29,40,3
40.47,30,3
59.56,42,3
58.0,46,3
55.12,34,3
59.21,26,3
65.54,39,3
55.64,24,3
62.4,40,3
51.01,22,3
48.83,24,3
57.58,35,3
47.21,34,3
49.26,26,3
59.51,30,3
46.12,33,3
51.7,37,3
85.36,17,2
40.04,35,3
34.77,5,2
45.1,4,2
56.0,8,2
38.14,5,2
53.39,5,2
50.55,7,2
48.8,6,2
55.99,3,2
48.37,4,2
55.19,6,2
51.51,5,2
43.29,9,2
44.96,7,2
43.45,5,2
48.92,8,2
52.9,6,2
50.99,5,2
45.08,5,2
53.36,2,2
53.27,4,2
51.93,6,2
64.96,6,2
49.22,5,2
59.82,7,2
45.24,4,2
60.4,7,2
35.14,5,2
43.86,6,2
57.49,6,2
47.98,7,2
48.33,7,2
52.42,3,2
40.59,6,2
42.54,3,2
39.43,6,2
67.04,4,2
32.58,5,2
41.75,9,2
55.95,4,2
49.61,4,2
43.04,8,2
33.5,5,2
47.25,6,2
47.47,7,2
29.47,8,2
52.55,2,2
52.6,3,2
58.98,6,2
44.94,4,2
59.72,7,2
57.38,5,2
46.76,6,2
35.58,5,2
42.55,10,2
46.44,5,2
29.66,1,2
30.77,8,2
65.73,8,2
73.5,6,2
41.94,3,2
38.2,6,2
49.47,4,2
42.9,6,2
44.02,4,2
74.03,6,2
41.73,7,2
63.6,4,2
59.71,4,2
51.75,4,2
49.68,5,2
43.6,1,2
60.76,6,2
44.84,2,2
53.99,4,2
46.74,4,2
48.99,7,2
56.28,4,2
49.19,3,2
51.3,5,2
62.3,6,2
64.5,5,2
43.31,3,2
50.87,4,2
33.18,1,2
60.07,2,2
47.48,2,2
38.98,5,2
61.65,4,2
60.52,9,2
50.87,4,2
40.61,4,2
61.48,3,2
50.18,6,2
50.89,10,2
51.97,4,2
52.07,5,2
31.06,3,2
52.44,6,2
35.84,9,2
52.66,7,2
50.39,4,2
54.05,1,2
25.78,3,2
51.53,8,2
36.51,7,2
48.2,6,2
47.23,5,2
60.59,6,2
59.46,8,2
54.7,4,2
45.16,4,2
44.92,3,2
53.44,5,2
32.54,9,2
44.51,5,2
62.26,6,2
39.05,3,2
37.68,4,2
42.33,10,2
66.06,4,2
32.94,7,2
39.67,4,2
63.08,9,2
73.78,4,2
45.24,5,2
59.71,9,2
39.79,6,2
35.93,6,2
49.1,5,2
50.22,8,2
68.63,8,2
62.03,6,2
55.64,7,2
55.4,8,2
52.28,8,2
39.84,1,2
35.52,5,2
48.79,3,2
70.7,2,2
61.92,4,2
59.86,4,2
68.37,5,2
47.65,4,2
46.7,0,2
31.24,1,2
49.47,10,2
50.58,8,2
38.61,6,2
42.83,6,2
59.72,7,2
50.21,2,2
38.04,7,2
66.87,6,2
31.07,3,2
57.66,6,2
50.89,5,2
35.99,5,2
62.2,4,2
56.52,2,2
63.05,1,2
46.99,3,2
30.45,2,2
58.23,6,2
37.05,5,2
31.14,4,2
28.91,4,2
58.82,4,2
34.34,3,2
32.49,3,2
57.76,3,2
73.89,4,2
38.4,8,2
44.13,5,2
42.26,6,2
45.89,7,2
62.56,8,2
53.54,6,2
55.4,4,2
48.81,3,2
51.01,7,2
36.88,7,2
56.42,6,2
39.94,4,2
38.7,8,2
47.39,6,2
64.67,3,2
67.47,5,2
49.39,6,2
43.1,6,2
34.03,5,2
32.72,0,2
60.65,5,2
57.26,6,2
55.1,4,2
61.06,4,2
38.91,4,2
51.35,3,2
56.87,6,2
50.2,5,2
55.34,6,2
47.95,3,2
47.47,6,2
35.44,6,2
31.45,8,2
28.16,3,2
68.57,6,2
41.5,5,2
53.75,8,2
37.47,5,2
55.63,4,2
50.45,7,2
51.61,3,2
38.08,7,2
37.26,5,2
33.01,4,2
45.87,6,2
45.45,4,2
53.15,8,2
54.58,5,2
53.08,2,2
43.09,4,2
34.46,4,2
52.19,4,2
55.54,5,2
51.45,5,2
62.7,1,2
50.18,8,2
53.44,6,2
53.42,4,2
54.52,4,2
50.89,6,2
64.49,9,2
51.92,8,2
57.49,6,2
42.97,1,2
43.27,4,2
44.69,6,2
54.16,3,2
50.07,4,2
48.42,5,2
42.59,6,2
50.69,4,2
62.86,3,2
51.78,2,2
47.89,3,2
38.05,1,2
54.09,4,2
38.88,4,2
58.0,5,2
42.04,5,2
35.44,2,2
43.73,8,2
65.7,5,2
43.3,5,2
54.89,3,2
54.69,6,2
46.22,6,2
47.7,5,2
39.19,8,2
57.11,3,2
47.65,7,2
38.13,2,2
33.77,4,2
54.62,6,2
51.86,4,2
56.75,6,2
50.98,4,2
46.99,6,2
52.3,4,2
47.64,5,2
28.82,9,2
53.48,2,2
45.16,6,2
56.73,4,2
71.55,4,2
32.1,2,2
41.81,3,2
52.98,3,2
43.82,3,2
40.81,3,2
46.33,8,2
37.48,6,2
42.87,4,2
54.26,5,2
46.69,6,2
48.46,6,2
56.82,8,2
48.73,4,2
38.76,4,2
38.23,2,2
54.06,6,2
42.25,9,2
35.22,3,2
43.64,5,2
45.7,5,2
45.41,6,2
70.97,4,2
36.19,4,2
56.54,3,2
44.52,1,2
42.87,6,2
33.86,5,2
65.17,10,2
42.75,4,2
42.59,6,2
45.15,3,2
49.7,3,2
55.39,2,2
32.12,6,2
60.07,6,2
62.34,3,2
75.84,3,2
49.46,8,2
58.15,7,2
49.1,9,2
45.97,4,2
37.1,6,2
55.74,6,2
42.81,6,2
53.28,5,2
43.15,3,2
54.53,4,2
69.29,4,2
42.99,4,2
66.21,4,2
50.94,5,2
53.75,6,2
45.17,5,2
44.64,7,2
39.62,7,2
54.55,7,2
53.05,4,2
54.35,1,2
48.64,6,2
49.34,5,2
46.83,2,2
31.81,4,2
34.46,3,2
27.3,5,2
53.95,3,2
46.57,6,2
33.36,6,2
36.42,7,2
65.73,5,2
49.9,5,2
56.31,3,2
33.04,3,2
48.62,10,2
47.42,5,2
68.57,4,2
45.07,4,2
56.07,7,2
47.01,6,2
51.53,6,2
51.81,7,2
66.83,6,2
50.79,4,2
46.33,2,2
30.52,11,2
41.67,1,2
53.38,7,2
60.45,6,2
41.56,3,2
28.94,4,2
43.5,8,2
56.31,6,2
67.77,4,2
41.93,2,2
71.73,5,2
57.04,0,2
38.44,7,2
55.64,5,2
57.39,2,2
60.07,3,2
46.69,2,2
46.59,3,2
55.64,3,2
46.09,4,2
46.25,2,2
61.75,8,2
66.17,4,2
58.07,6,2
56.07,4,2
49.81,6,2
49.75,5,2
35.17,9,2
55.71,5,2
49.71,4,2
48.97,3,2
61.79,5,2
42.77,7,2
47.63,8,2
67.19,4,2
52.03,3,2
55.64,5,2
44.09,5,2
49.52,7,2
49.78,4,2
39.56,5,2
50.54,8,2
39.46,9,2
41.69,5,2
48.03,8,2
37.91,5,2
40.81,4,2
58.1,2,2
49.63,5,2
59.36,7,2
37.14,6,2
49.41,6,2
57.34,2,2
46.58,7,2
42.21,6,2
41.14,2,2
37.63,3,2
60.88,5,2
64.56,3,2
58.97,6,2
51.2,6,2
52.84,3,2
22.36,5,2
60.75,2,2
60.38,4,2
64.18,1,2
71.11,6,2
31.35,3,2
52.38,4,2
54.01,4,2
51.31,5,2
65.89,3,2
51.92,7,2
57.51,5,2
48.94,3,2
34.86,6,2
42.96,3,2
38.96,4,2
41.74,8,2
66.37,5,2
31.92,4,2
52.07,6,2
55.77,5,2
59.03,4,2
49.53,7,2
56.58,7,2
33.62,7,2
70.55,6,2
63.68,2,2
61.78,9,2
39.21,8,2
37.13,5,2
57.08,6,2
24.9,8,2
55.34,5,2
43.47,7,2
73.8,6,2
58.36,10,2
52.88,4,2
44.65,6,2
46.85,5,2
55.2,7,2
58.28,0,2
67.36,6,2
50.38,5,2
56.21,1,2
47.79,6,2
63.18,5,2
57.18,5,2
58.44,6,2
60.4,6,2
43.94,4,2
53.34,3,2
42.96,3,2
46.07,3,2
52.09,9,2
57.35,5,2
72.05,7,2
55.19,4,2
33.32,4,2
51.53,4,2
52.11,5,2
46.24,7,2
51.59,6,2
63.62,6,2
59.02,5,2
53.71,6,2
60.37,6,2
56.0,9,2
58.05,5,2
50.86,6,2
39.44,8,2
44.61,8,2
54.2,10,2
36.76,5,2
74.83,4,2
46.57,6,2
50.74,4,2
46.85,4,2
52.01,4,2
63.96,6,2
68.24,2,2
43.22,7,2
51.73,6,2
44.04,5,2
53.66,6,2
54.99,4,2
59.09,5,2
64.15,6,2
28.36,7,2
57.13,4,2
54.29,9,2
70.87,7,2
46.55,5,2
64.77,5,2
48.84,5,2
51.37,2,2
75.54,7,2
44.68,7,2
46.59,4,2
46.66,8,2
50.36,3,2
51.39,4,2
53.95,2,2
57.78,7,2
45.77,4,2
44.64,6,2
42.6,2,2
63.59,3,2
53.75,6,2
55.88,3,2
31.35,7,2
42.2,5,2
50.1,7,2
40.18,4,2
43.8,3,2
41.84,7,2
57.03,4,2
70.83,5,2
54.96,3,2
72.8,1,2
45.58,5,2
61.79,3,2
39.81,4,2
60.9,3,2
53.76,9,2
55.85,5,2
63.36,6,2
63.15,6,2
58.98,6,2
44.21,5,2
42.09,2,2
39.78,5,2
70.77,5,2
54.82,3,2
54.07,5,2
56.74,7,2
42.78,5,2
22.27,7,2
43.07,4,2
43.5,4,2
58.48,8,2
40.4,6,2
54.84,5,2
51.83,6,2
53.08,2,2
51.08,7,2
63.84,1,2
40.95,6,2
48.07,4,2
63.67,7,2
56.59,2,2
39.37,5,2
46.7,6,2
50.53,6,2
54.02,4,2
47.21,4,2
48.05,9,2
52.01,7,2
65.61,4,2
58.38,5,2
51.45,5,2
51.74,3,2
54.57,3,2
53.41,8,2
46.4,5,2
39.22,3,2
56.13,5,2
48.63,7,2
40.75,4,2
50.55,5,2
45.64,3,2
59.35,4,2
50.47,1,2
36.82,3,2
46.86,4,2
43.53,2,2
48.16,6,2
48.21,2,2
59.44,7,2
42.9,6,2
57.77,2,2
46.41,5,2
40.59,9,2
44.24,4,2
60.7,1,2
52.5,3,2
56.38,10,2
45.2,6,2
48.46,6,2
48.5,6,2
45.83,2,2
54.89,4,2
38.09,2,2
52.25,5,2
48.21,8,2
50.43,7,2
50.07,2,2
48.47,9,2
66.46,6,2
40.46,5,2
15.52,3,2
62.54,4,2
39.57,6,2
47.88,7,2
27.5,3,2
45.97,7,2
42.01,4,2
62.54,4,2
46.36,3,2
47.58,10,2
51.68,4,2
71.04,4,2
55.43,4,2
36.37,2,2
52.4,3,2
36.89,6,2
54.39,7,2
54.56,5,2
60.76,5,2
30.32,3,2
58.49,6,2
59.55,8,2
30.84,7,2
44.06,1,2
37.52,6,2
64.31,5,2
50.05,4,2
54.52,6,2
56.53,5,2
59.16,8,2
56.49,6,2
33.68,4,2
54.42,7,2
47.62,5,2
52.44,7,2
55.47,7,2
41.38,8,2
60.32,3,2
42.71,5,2
41.83,8,2
48.98,4,2
57.87,5,2
41.84,4,2
55.12,6,2
38.5,1,2
37.73,4,2
36.91,3,2
37.5,6,2
60.28,2,2
45.51,6,2
51.59,4,2
49.46,6,2
57.05,4,2
41.16,2,2
55.64,5,2
56.91,3,2
57.02,7,2
60.17,5,2
45.68,3,2
68.44,6,2
58.77,5,2
51.97,2,2
58.28,5,2
50.39,5,2
23.9,6,2
36.91,6,2
48.86,4,2
70.21,6,2
61.06,3,2
49.54,9,2
47.36,7,2
54.75,5,2
62.01,4,2
56.41,3,2
32.09,2,2
42.75,7,2
73.66,5,2
54.27,5,2
42.71,7,2
46.62,3,2
45.74,4,2
53.28,5,2
41.83,5,2
48.76,4,2
47.89,4,2
49.28,2,2
56.76,6,2
42.92,6,2
44.74,8,2
51.19,5,2
41.78,5,2
47.95,9,2
58.91,6,2
52.6,7,2
53.59,2,2
48.09,6,2
39.06,1,2
57.59,4,2
44.44,3,2
59.68,4,2
57.78,4,2
27.86,8,2
48.62,9,2
54.09,5,2
39.3,2,2
38.32,5,2
43.68,1,2
53.08,5,2
55.26,5,2
51.24,2,2
50.03,3,2
49.38,3,2
68.26,5,2
44.97,8,2
43.36,3,2
42.0,8,2
56.86,6,2
36.67,7,2
34.28,2,2
57.2,5,2
61.23,7,2
41.21,5,2
43.36,4,2
43.16,6,2
55.7,5,2
46.44,5,2
55.43,3,2
55.96,8,2
60.51,2,2
55.29,6,2
64.11,5,2
47.18,7,2
49.05,5,2
41.91,5,2
39.94,6,2
52.03,5,2
47.6,4,2
57.05,9,2
57.45,5,2
29.65,3,2
44.09,4,2
61.38,9,2
39.04,4,2
48.86,10,2
42.99,8,2
53.51,8,2
63.68,6,2
35.51,7,2
38.84,4,2
52.64,6,2
65.57,6,2
47.85,7,2
57.64,4,2
62.54,7,2
52.2,7,2
35.54,7,2
41.49,6,2
49.31,6,2
33.9,6,2
41.13,4,2
57.57,1,2
40.22,6,2
39.79,4,2
56.45,4,2
51.2,3,2
54.34,6,2
75.52,0,2
37.02,2,2
57.63,8,2
37.91,7,2
36.49,5,2
44.97,9,2
49.35,10,2
53.0,4,2
56.63,5,2
66.45,4,2
41.42,7,2
59.14,8,2
36.8,4,2
55.03,2,2
51.24,5,2
45.52,4,2
50.75,5,2
73.97,3,2
40.05,5,2
49.55,3,2
60.58,3,2
36.12,4,2
43.7,7,2
77.82,9,2
42.41,7,2
46.46,6,2
42.52,5,2
48.96,6,2
41.59,3,2
58.07,5,2
49.89,9,2
71.42,3,2
48.29,5,2
47.24,3,2
42.0,5,2
52.11,8,2
54.97,5,2
58.11,9,2
72.99,4,2
58.53,2,2
56.08,4,2
33.77,3,2
39.31,3,2
33.46,8,2
48.75,8,2
64.69,5,2
38.47,2,2
47.13,3,2
50.73,9,2
34.4,2,2
33.48,5,2
45.9,7,2
49.23,3,2
51.51,6,2
49.18,5,2
57.78,5,2
28.74,5,2
45.15,5,2
50.93,7,2
61.99,5,2
47.9,3,2
65.76,4,2
56.57,8,2
48.53,4,2
53.39,7,2
43.86,8,2
58.52,6,2
66.75,7,2
68.18,5,2
62.89,5,2
55.64,4,2
53.12,6,2
57.4,9,2
35.52,6,2
40.0,3,2
58.5,5,2
27.59,7,2
45.9,6,2
62.47,7,2
38.7,5,2
53.45,4,2
56.48,3,2
58.94,5,2
58.46,8,2
58.46,5,2
57.82,1,2
46.11,4,2
57.25,6,2
35.04,5,2
38.49,7,2
62.91,4,2
51.77,5,2
34.74,8,2
48.67,3,2
72.61,4,2
41.2,3,2
45.08,4,2
54.41,7,2
36.24,2,2
43.29,4,2
35.7,2,2
49.07,7,2
53.42,7,2
66.52,2,2
54.8,8,2
51.22,4,2
40.14,1,2
45.01,7,2
67.27,3,2
55.42,6,2
45.0,7,2
63.99,5,2
50.13,7,2
41.71,8,2
64.48,3,2
52.58,7,2
50.79,5,2
60.41,8,2
44.97,6,2
43.83,3,2
41.84,7,2
60.82,5,2
46.26,7,2
44.7,4,2
42.04,3,2
38.93,1,2
57.13,5,2
37.52,1,2
59.66,3,2
49.6,4,2
40.66,7,2
48.05,7,2
55.67,3,2
43.35,3,2
46.51,6,2
70.91,7,2
44.03,7,2
35.2,6,2
43.3,5,2
44.78,6,2
52.82,5,2
37.21,5,2
42.7,6,2
33.32,8,2
58.67,6,2
58.13,7,2
47.11,6,2
45.39,6,2
39.61,6,2
63.94,4,2
45.15,3,2
59.59,6,2
64.19,4,2
45.63,7,2
47.64,3,2
63.75,8,2
54.16,5,2
66.42,4,2
45.96,4,2
37.21,6,2
70.05,7,2
54.32,3,2
49.09,5,2
47.47,7,2
56.14,6,2
47.57,5,2
55.15,9,2
52.99,9,2
68.57,4,2
35.46,5,2
27.32,6,2
44.74,2,2
46.55,5,2
36.59,7,2
45.58,0,2
68.64,9,2
36.22,5,2
43.94,6,2
39.21,5,2
32.36,5,2
70.25,6,2
51.06,7,2
46.92,6,2
44.49,7,2
62.01,2,2
32.33,7,2
54.26,3,2
52.53,6,2
50.69,8,2
53.79,5,2
36.19,2,2
42.01,4,2
31.12,5,2
56.16,6,2
62.38,2,2
52.32,6,2
34.81,3,2
42.03,4,2
43.61,8,2
63.2,7,2
41.61,4,2
33.45,5,2
39.06,8,2
53.51,1,2
19.62,3,2
41.26,7,2
51.31,3,2
32.51,2,2
53.18,7,2
51.24,5,2
48.97,4,2
68.7,3,2
74.14,5,2
38.76,6,2
46.39,6,2
56.55,2,2
50.93,10,2
44.51,1,2
76.31,4,2
59.02,3,2
45.85,6,2
59.98,6,2
44.15,5,2
56.09,11,2
41.52,5,2
71.33,4,2
66.13,4,2
38.77,5,2
48.5,7,2
43.65,5,2
52.81,10,2
57.35,7,2
57.27,4,2
58.51,6,2
48.44,7,2
45.99,3,2
62.48,8,2
53.07,1,2
43.96,5,2
55.07,6,2
34.54,2,2
50.82,6,2
55.45,8,2
50.43,7,2
59.81,8,2
48.09,3,2
64.81,8,2
48.74,7,2
53.44,1,2
52.31,3,2
38.29,6,2
47.79,9,2
71.67,7,2
37.41,5,2
52.13,7,2
63.03,2,2
52.1,2,2
47.39,5,2
42.57,5,2
76.89,5,2
52.59,6,2
56.08,8,2
38.66,1,2
45.23,5,2
52.85,5,2
56.87,6,2
36.66,4,2
48.88,2,2
60.99,4,2
48.69,6,2
36.84,6,2
36.08,5,2
49.37,3,2
51.82,5,2
42.53,4,2
44.13,6,2
53.27,6,2
54.33,6,2
65.01,6,2
51.46,4,2
56.07,6,2
53.48,5,2
71.54,1,2
44.69,3,2
36.53,6,2
50.75,4,2
57.83,7,2
47.41,3,2
52.98,6,2
46.99,6,2
66.27,5,2
33.42,9,2
61.98,4,2
34.11,1,2
52.42,7,2
57.05,5,2
54.73,5,2
64.47,2,2
31.38,7,2
68.87,5,2
57.61,5,2
57.65,8,2
58.08,4,2
51.31,6,2
66.32,6,2
51.75,5,2
51.75,6,2
34.26,5,2
48.79,6,2
23.46,2,2
61.32,4,2
44.18,5,2
38.98,7,2
41.52,8,2
64.71,5,2
55.04,4,2
41.94,3,2
46.88,6,2
73.97,3,2
35.55,5,2
51.54,9,2
53.32,4,2
63.86,2,2
33.69,8,2
47.34,6,2
35.38,4,2
61.31,4,2
55.71,1,2
58.87,3,2
43.3,5,2
36.19,8,2
47.62,5,2
39.87,5,2
51.76,9,2
46.82,5,2
59.73,8,2
60.88,7,2
55.99,4,2
46.93,3,2
62.48,2,2
59.47,5,2
49.09,5,2
42.49,5,2
36.63,5,2
57.03,6,2
40.71,6,2
42.1,6,2
53.8,3,2
53.5,2,2
37.27,6,2
44.17,6,2
39.32,5,2
48.39,6,2
57.14,5,2
47.26,3,2
38.03,5,2
31.36,5,2
68.26,6,2
54.23,2,2
52.52,1,2
52.19,3,2
78.26,4,2
78.56,4,2
58.48,5,2
47.36,7,2
50.25,6,2
76.26,2,2
34.12,4,2
49.99,7,2
60.89,6,2
51.83,6,2
40.4,2,2
64.86,8,2
51.32,3,2
55.83,4,2
61.88,2,2
45.35,4,2
55.7,1,2
40.17,2,2
61.46,7,2
41.67,4,2
44.85,3,2
53.25,8,2
41.92,5,2
63.38,4,2
55.52,8,2
59.16,7,2
62.14,6,2
33.4,9,2
41.01,3,2
39.59,3,2
48.31,6,2
47.96,4,2
40.43,5,2
50.35,4,2
46.08,3,2
48.83,5,2
50.29,4,2
56.23,4,2
36.93,4,2
51.13,8,2
45.21,3,2
47.56,8,2
49.5,9,2
41.22,8,2
65.02,3,2
61.22,9,2
39.6,7,2
59.64,6,2
50.75,8,2
55.84,3,2
51.12,6,2
54.09,6,2
45.71,7,2
64.43,5,2
51.49,2,2
42.73,5,2
55.28,2,2
46.47,7,2
65.79,3,2
42.04,5,2
52.88,5,2
51.86,2,2
42.75,4,2
41.34,3,2
37.14,6,2
51.39,9,2
41.93,4,2
64.54,7,2
50.24,8,2
43.43,10,2
26.87,3,2
55.75,3,2
51.23,5,2
45.6,4,2
53.04,9,2
74.2,3,2
68.53,3,2
61.21,1,2
51.91,2,2
39.73,7,2
63.49,4,2
41.37,1,2
58.09,6,2
41.1,4,2
29.32,6,2
53.43,5,2
42.54,5,2
48.38,6,2
53.68,2,2
43.9,1,2
50.56,4,2
62.59,4,2
37.18,3,2
48.98,6,2
46.67,6,2
56.56,3,2
48.74,3,2
63.24,3,2
36.26,11,2
37.36,2,2
48.48,1,2
29.42,7,2
55.04,5,2
54.05,2,2
49.24,1,2
51.72,5,2
43.03,7,2
56.77,7,2
31.62,5,2
30.61,2,2
39.68,4,2
44.39,4,2
47.51,9,2
59.39,5,2
65.3,5,2
44.3,3,2
47.74,3,2
57.2,7,2
37.62,3,2
44.39,3,2
51.67,5,2
59.58,4,2
42.08,7,2
34.59,5,2
60.39,8,2
59.46,6,2
56.72,3,2
55.09,4,2
59.63,3,2
54.41,4,2
46.15,5,2
29.92,4,2
52.07,3,2
57.64,6,2
55.9,3,2
44.65,4,2
60.79,6,2
50.38,6,2
62.09,3,2
51.05,4,2
53.11,2,2
64.75,7,2
61.68,6,2
51.3,5,2
59.63,1,2
56.13,6,2
42.12,4,2
60.37,7,2
37.6,6,2
51.12,4,2
46.04,2,2
42.52,10,2
66.51,10,2
37.17,5,2
55.8,5,2
56.27,4,2
65.04,8,2
43.77,6,2
63.01,7,2
42.77,6,2
44.26,8,2
55.84,9,2
52.42,7,2
29.67,5,2
46.95,8,2
46.28,5,2
55.74,5,2
56.12,3,2
54.26,4,2
56.04,1,2
60.79,8,2
50.19,5,2
50.72,6,2
52.72,2,2
61.67,5,2
47.17,5,2
51.93,5,2
38.38,6,2
57.32,9,2
39.57,4,2
68.99,4,2
35.39,7,2
56.91,8,2
48.66,4,2
57.91,4,2
41.25,6,2
46.26,8,2
27.99,2,2
40.4,5,2
45.54,3,2
34.68,6,2
48.75,6,2
46.79,7,2
53.83,6,2
51.13,5,2
61.03,7,2
32.3,5,2
55.84,5,2
29.73,4,2
58.43,5,2
45.56,3,2
56.99,7,2
42.04,4,2
54.03,3,2
49.17,5,2
55.12,6,2
39.28,6,2
39.88,4,2
34.49,8,2
50.52,7,2
40.7,2,2
53.33,3,2
34.04,5,2
45.54,11,2
52.09,8,2
45.01,8,2
52.06,3,2
58.46,5,2
37.58,7,2
46.91,2,2
48.57,8,2
25.39,7,2
53.29,8,2
55.97,3,2
39.14,7,2
48.74,4,2
52.26,2,2
67.57,7,2
38.43,4,2
29.59,4,2
39.81,8,2
37.84,3,2
53.56,2,2
48.79,2,2
37.66,2,2
52.05,7,2
65.27,6,2
38.74,6,2
29.28,3,2
21.6,3,2
28.7,0,2
46.08,7,2
42.02,5,2
49.96,1,2
48.05,9,2
61.36,5,2
52.83,7,2
69.19,4,2
33.2,3,2
51.27,5,2
54.48,2,2
42.47,7,2
46.2,5,2
47.92,2,2
49.43,5,2
38.26,5,2
30.5,5,2
48.88,7,2
49.45,4,2
60.69,6,2
57.36,7,2
51.15,6,2
30.3,1,2
55.41,3,2
44.98,3,2
56.9,10,2
36.37,5,2
55.2,1,2
66.98,9,2
65.93,3,2
50.89,5,2
40.97,3,2
46.17,3,2
43.19,5,2
42.01,6,2
66.26,6,2
48.41,6,2
64.68,10,2
65.17,2,2
40.48,4,2
38.74,7,2
39.83,4,2
42.94,3,2
54.04,7,2
35.32,6,2
62.47,4,2
39.72,7,2
47.95,9,2
40.29,7,2
51.25,5,2
51.77,3,2
32.28,8,2
44.08,5,2
52.84,4,2
48.98,3,2
57.0,8,2
58.22,5,2
41.38,2,2
45.01,7,2
43.28,9,2
52.78,9,2
37.25,8,2
53.88,3,2
53.84,6,2
52.7,1,2
44.56,4,2
50.16,7,2
51.76,4,2
40.61,4,2
56.47,8,2
41.94,6,2
62.92,7,2
65.48,7,2
48.82,2,2
39.13,4,2
30.27,4,2
47.01,6,2
39.04,4,2
36.6,4,2
60.09,3,2
38.5,7,2
60.46,3,2
48.26,5,2
46.74,2,2
44.85,2,2
61.38,6,2
63.88,6,2
44.43,4,2
59.64,6,2
55.07,1,2
56.72,7,2
52.33,4,2
47.04,7,2
45.59,6,2
45.47,5,2
50.18,3,2
38.85,8,2
51.57,3,2
56.38,1,2
43.52,8,2
53.46,5,2
45.74,4,2
46.48,6,2
50.63,8,2
43.06,3,2
34.77,4,2
47.34,5,2
59.12,11,2
41.22,4,2
46.41,10,2
45.58,4,2
45.28,7,2
55.43,6,2
54.32,4,2
40.04,3,2
62.46,5,2
60.24,4,2
54.78,6,2
52.11,4,2
46.1,6,2
46.13,9,2
45.62,5,2
56.74,3,2
42.62,4,2
74.88,7,2
33.22,3,2
39.93,4,2
60.35,2,2
54.66,4,2
34.96,6,2
58.1,8,2
46.64,2,2
63.0,6,2
48.1,9,2
38.66,3,2
48.91,0,2
63.5,4,2
44.26,4,2
36.23,3,2
45.16,5,2
49.35,8,2
49.73,11,2
54.63,5,2
54.04,7,2
60.63,6,2
40.05,0,2
61.61,1,2
45.63,8,2
40.1,4,2
35.24,7,2
49.02,7,2
50.07,8,2
54.38,4,2
56.85,3,2
42.39,4,2
49.53,4,2
37.42,8,2
57.2,6,2
38.4,4,2
50.1,5,2
53.42,1,2
50.55,4,2
45.7,7,2
48.56,3,2
59.31,7,2
46.6,4,2
49.49,3,2
40.67,5,2
62.34,3,2
56.89,7,2
52.19,4,2
39.67,5,2
49.69,5,2
56.33,3,2
44.21,5,2
43.54,6,2
33.63,5,2
58.27,1,2
40.18,6,2
50.38,5,2
37.68,5,2
50.65,3,2
44.0,7,2
50.05,8,2
56.99,7,2
66.04,5,2
33.17,2,2
45.31,6,2
64.43,8,2
52.05,4,2
45.12,4,2
55.8,8,2
55.43,4,2
43.25,4,2
55.56,4,2
47.95,8,2
66.13,5,2
50.75,2,2
64.75,4,2
36.52,7,2
60.46,4,2
49.37,9,2
50.69,7,2
70.29,8,2
50.64,2,2
38.68,4,2
56.9,3,2
43.42,8,2
40.0,6,2
66.08,4,2
62.75,6,2
50.25,10,2
41.55,3,2
51.98,3,2
56.02,5,2
47.55,3,2
45.86,6,2
44.31,4,2
63.6,2,2
51.62,6,2
47.76,3,2
49.68,9,2
45.02,5,2
37.79,3,2
49.27,5,2
39.67,9,2
50.9,9,2
29.54,5,2
44.2,6,2
59.43,5,2
45.78,8,2
48.82,5,2
51.48,6,2
36.11,9,2
47.52,6,2
57.27,9,2
47.95,5,2
49.19,7,2
54.0,4,2
52.27,7,2
62.39,4,2
48.22,5,2
71.83,5,2
42.53,3,2
41.02,9,2
39.76,8,2
54.67,4,2
65.55,3,2
56.67,5,2
58.09,3,2
45.26,11,2
48.47,6,2
60.23,2,2
39.97,3,2
67.34,1,2
67.87,3,2
29.69,6,2
54.15,5,2
51.15,3,2
50.1,5,2
68.64,3,2
54.16,3,2
43.23,3,2
63.62,4,2
52.73,3,2
64.16,7,2
50.08,3,2
47.15,3,2
49.3,1,2
43.37,4,2
49.88,5,2
55.95,8,2
47.52,8,2
56.61,6,2
53.26,6,2
55.77,5,2
44.67,7,2
55.07,4,2
39.75,3,2
65.73,5,2
49.55,3,2
59.63,4,2
54.67,5,2
56.32,8,2
44.71,6,2
45.95,3,2
54.84,6,2
47.34,6,2
45.73,3,2
48.84,7,2
57.45,6,2
60.97,9,2
50.64,4,2
52.12,5,2
34.72,5,2
53.49,4,2
56.82,3,2
50.26,5,2
44.29,6,2
29.93,4,2
58.14,7,2
43.63,8,2
52.03,4,2
55.81,6,2
69.54,7,2
35.54,6,2
37.06,8,2
44.46,4,2
53.36,11,2
54.1,8,2
41.54,8,2
37.17,2,2
48.39,5,2
51.92,7,2
60.39,7,2
40.03,4,2
32.36,5,2
65.55,2,2
58.83,3,2
59.37,6,2
74.91,5,2
51.97,5,2
35.67,5,2
41.93,4,2
48.01,6,2
29.85,6,2
57.22,7,2
52.76,4,2
71.84,3,2
57.11,5,2
45.24,3,2
65.49,6,2
58.16,9,2
30.44,3,2
58.54,7,2
55.85,5,2
54.94,7,2
66.46,6,2
44.42,6,2
63.96,5,2
44.38,5,2
67.31,5,2
54.63,2,2
50.98,0,2
66.8,6,2
52.43,6,2
39.4,8,2
50.63,3,2
49.28,6,2
72.16,5,2
36.74,7,2
52.48,8,2
59.95,7,2
65.88,8,2
49.83,9,2
60.85,5,2
59.7,10,2
66.76,2,2
50.68,4,2
44.67,5,2
53.88,4,2
48.34,4,2
46.08,3,2
58.53,8,2
53.43,6,2
51.34,8,2
74.11,6,2
55.79,5,2
71.3,8,2
59.34,9,2
73.13,3,2
38.97,4,2
31.88,7,2
26.14,5,2
35.39,8,2
60.21,6,2
49.17,0,2
35.29,3,2
51.57,5,2
56.01,4,2
59.08,5,2
56.78,6,2
56.02,5,2
31.3,5,2
56.1,9,2
60.55,7,2
64.6,3,2
32.09,6,2
52.49,6,2
61.01,7,2
57.26,6,2
34.42,6,2
44.44,7,2
45.53,5,2
44.78,6,2
31.13,6,2
39.02,4,2
53.34,2,2
51.01,5,2
48.81,6,2
50.16,4,2
66.56,4,2
51.05,4,2
51.44,5,2
49.22,5,2
44.82,7,2
55.23,8,2
45.51,3,2
44.53,4,2
25.9,3,2
61.28,6,2
30.89,5,2
41.6,6,2
69.79,6,2
47.48,3,2
50.64,3,2
62.55,3,2
40.97,6,2
64.38,6,2
72.33,5,2
57.8,8,2
60.3,7,2
45.25,8,2
61.46,6,2
50.14,3,2
51.31,2,2
41.42,6,2
33.65,8,2
37.09,7,2
35.76,7,2
54.8,6,2
41.47,6,2
43.54,4,2
42.72,3,2
56.12,2,2
51.91,6,2
39.26,7,2
50.81,5,2
53.0,5,2
43.65,8,2
58.17,5,2
58.88,5,2
49.9,6,2
49.94,3,2
63.02,3,2
41.73,4,2
58.95,2,2
52.33,6,2
49.25,7,2
71.63,6,2
53.34,8,2
40.49,5,2
35.32,2,2
41.45,3,2
61.34,5,2
43.15,8,2
42.32,5,2
30.44,4,2
56.59,6,2
45.05,4,2
47.22,7,2
34.87,4,2
47.16,4,2
44.75,3,2
41.62,9,2
47.67,4,2
51.09,7,2
54.14,8,2
74.51,5,2
51.47,7,2
29.96,6,2
35.52,6,2
51.63,7,2
31.73,8,2
65.39,5,2
41.39,10,2
43.95,5,2
54.48,8,2
58.12,8,2
53.04,4,2
43.05,4,2
56.28,7,2
42.21,8,2
35.47,3,2
42.97,8,2
70.3,2,2
41.82,3,2
63.43,10,2
45.45,3,2
56.25,6,2
41.64,1,2
49.85,5,2
44.93,5,2
45.35,6,2
66.26,3,2
56.11,1,2
40.37,4,2
27.14,4,2
46.89,6,2
52.27,1,2
40.92,6,2
58.37,2,2
32.08,4,2
50.93,6,2
67.87,2,2
59.36,7,2
47.05,5,2
59.87,4,2
32.52,10,2
43.65,2,2
49.98,4,2
61.27,6,2
40.5,4,2
62.04,5,2
50.56,3,2
31.4,7,2
41.91,6,2
38.34,4,2
42.44,3,2
45.94,6,2
60.7,3,2
55.02,3,2
50.91,5,2
54.92,2,2
65.84,6,2
55.84,4,2
51.61,2,2
45.94,3,2
31.39,5,2
41.02,7,2
34.61,6,2
34.0,6,2
34.34,0,2
53.94,4,2
53.75,3,2
69.02,5,2
60.75,5,2
50.41,3,2
49.24,5,2
65.23,5,2
44.8,7,2
48.77,6,2
48.43,3,2
56.71,8,2
53.06,5,2
26.95,8,2
46.54,4,2
43.23,4,2
59.07,1,2
35.88,4,2
49.41,7,2
45.0,7,2
58.96,6,2
60.01,6,2
43.02,7,2
43.2,7,2
62.91,7,2
39.21,6,2
40.92,7,2
41.31,5,2
69.15,3,2
69.44,8,2
48.14,3,2
53.95,3,2
62.97,2,2
74.19,9,2
51.73,3,2
28.32,3,2
46.75,4,2
47.98,8,2
43.98,4,2
41.47,6,2
77.94,8,2
53.72,6,2
60.71,6,2
52.3,4,2
56.09,6,2
25.69,8,2
45.3,5,2
58.88,6,2
59.43,6,2
57.76,5,2
47.29,3,2
28.69,6,2
42.88,5,2
57.96,2,2
46.72,3,2
60.59,8,2
36.03,6,2
64.94,1,2
53.9,4,2
49.08,5,2
38.58,3,2
38.13,4,2
46.65,3,2
46.88,6,2
49.9,4,2
48.73,8,2
31.88,6,2
62.58,5,2
61.6,3,2
52.03,4,2
28.98,5,2
64.43,3,2
48.26,3,2
53.25,3,2
45.32,4,2
49.93,11,2
50.28,6,2
48.58,8,2
67.82,6,2
59.91,6,2
64.55,7,2
58.33,3,2
32.88,6,2
57.98,6,2
52.67,6,2
51.51,5,2
54.46,3,2
69.63,5,2
49.92,2,2
48.66,6,2
38.6,2,2
39.93,5,2
66.74,6,2
40.44,6,2
52.86,5,2
39.75,8,2
61.33,1,2
57.2,2,2
65.91,3,2
40.0,9,2
49.98,4,2
66.0,3,2
52.84,4,2
59.6,5,2
48.82,6,2
41.85,6,2
53.52,9,2
47.65,6,2
56.01,6,2
46.18,1,2
64.8,8,2
69.64,8,2
56.23,2,2
34.12,4,2
61.8,1,2
31.13,4,2
73.18,8,2
55.61,6,2
51.84,2,2
59.76,4,2
54.84,7,2
36.31,6,2
29.94,4,2
49.01,4,2
47.93,5,2
54.86,4,2
34.3,8,2
53.1,4,2
41.62,4,2
67.55,9,2
60.29,6,2
60.44,3,2
30.15,6,2
48.98,7,2
45.56,4,2
46.39,7,2
54.84,3,2
45.67,7,2
47.0,5,2
40.99,7,2
50.64,5,2
53.24,3,2
61.45,9,2
48.35,3,2
33.51,4,2
47.64,5,2
31.37,5,2
41.53,5,2
56.07,6,2
54.43,4,2
65.17,4,2
50.66,6,2
56.41,7,2
49.76,5,2
44.0,4,2
55.67,2,2
53.45,5,2
48.64,6,2
39.16,5,2
43.46,6,2
48.79,5,2
51.7,5,2
34.76,5,2
41.93,6,2
64.32,4,2
45.64,6,2
49.3,5,2
41.5,4,2
54.82,5,2
48.47,4,2
43.07,1,2
64.36,6,2
66.9,5,2
60.9,6,2
42.6,5,2
60.85,5,2
66.57,2,2
53.67,6,2
65.02,11,2
43.18,4,2
52.0,3,2
54.1,4,2
47.57,6,2
49.57,5,2
44.84,7,2
55.73,1,2
37.3,5,2
55.44,5,2
47.04,4,2
51.36,9,2
70.59,2,2
56.02,6,2
46.99,7,2
53.64,3,2
39.17,4,2
39.19,8,2
52.8,7,2
55.62,3,2
43.95,3,2
39.31,6,2
42.46,5,2
47.59,4,2
40.71,5,2
31.62,2,2
31.14,9,2
39.21,6,2
50.7,7,2
47.91,4,2
54.47,4,2
47.52,2,2
65.2,7,2
59.48,4,2
62.58,5,2
50.47,6,2
53.41,3,2
83.42,5,2
58.78,3,2
41.65,7,2
53.0,3,2
56.12,0,2
37.54,5,2
46.08,7,2
34.55,7,2
46.45,4,2
66.17,6,2
44.1,2,2
56.24,5,2
53.48,5,2
70.32,4,2
46.94,6,2
36.98,6,2
49.3,3,2
27.04,6,2
45.28,6,2
50.03,2,2
68.13,2,2
26.78,2,2
58.24,5,2
46.98,6,2
34.04,9,2
53.49,4,2
44.63,2,2
51.27,6,2
62.51,4,2
42.25,5,2
39.53,6,2
46.59,4,2
27.8,6,2
52.12,7,2
49.26,7,2
55.56,5,2
40.53,4,2
53.96,1,2
44.44,7,2
61.23,3,2
32.67,3,2
36.99,3,2
49.41,4,2
57.89,6,2
50.86,5,2
57.64,8,2
51.43,5,2
37.73,3,2
58.56,3,2
45.26,4,2
37.1,6,2
44.41,3,2
50.62,7,2
55.14,1,2
39.01,5,2
52.11,7,2
64.48,5,2
48.69,6,2
57.18,5,2
59.04,6,2
48.86,7,2
59.12,7,2
45.86,7,2
60.78,0,2
56.91,5,2
34.95,0,2
47.84,4,2
48.14,2,2
44.89,1,2
65.76,9,2
41.39,8,2
66.81,5,2
58.92,3,2
46.72,7,2
44.12,2,2
53.59,2,2
60.9,5,2
38.06,7,2
64.21,7,2
56.61,8,2
48.03,5,2
48.63,4,2
46.73,5,2
51.97,5,2
60.65,5,2
54.41,6,2
65.88,5,2
38.04,4,2
26.27,4,2
60.05,6,2
50.65,4,2
50.07,4,2
44.68,1,2
69.88,7,2
48.53,6,2
61.06,8,2
54.4,4,2
65.32,3,2
48.91,2,2
47.33,3,2
49.7,3,2
35.97,7,2
55.46,5,2
49.48,4,2
45.89,8,2
45.69,3,2
70.45,6,2
58.45,6,2
65.42,6,2
38.21,5,2
42.86,4,2
44.62,2,2
58.27,6,2
34.84,8,2
56.96,7,2
58.07,11,2
51.52,8,2
36.76,7,2
51.86,4,2
57.16,4,2
48.67,3,2
59.0,4,2
54.36,2,2
41.52,4,2
46.37,5,2
51.91,6,2
65.6,6,2
61.92,4,2
40.24,5,2
65.11,5,2
26.3,7,2
41.87,6,2
51.6,6,2
43.69,4,2
63.9,7,2
72.04,3,2
50.67,4,2
57.78,1,2
69.93,3,2
56.26,6,2
44.91,7,2
52.01,7,2
41.83,5,2
49.27,5,2
40.09,5,2
75.09,5,2
44.64,4,2
41.63,6,2
54.41,5,2
27.46,5,2
52.21,5,2
74.91,4,2
25.48,5,2
52.75,4,2
45.21,7,2
49.97,6,2
55.33,5,2
30.34,6,2
53.01,4,2
58.27,6,2
41.23,6,2
46.1,4,2
60.1,5,2
51.02,7,2
52.59,4,2
43.26,2,2
50.62,8,2
46.51,8,2
49.64,5,2
50.67,4,2
65.59,9,2
45.58,7,2
55.72,5,2
44.47,4,2
55.88,5,2
47.4,6,2
64.15,8,2
61.37,1,2
35.09,4,2
47.59,5,2
53.96,4,2
63.61,5,2
45.05,4,2
43.89,5,2
57.82,7,2
50.96,3,2
42.94,5,2
67.08,1,2
49.88,6,2
37.35,5,2
53.29,6,2
37.04,5,2
50.28,4,2
50.96,6,2
46.38,6,2
34.79,4,2
38.92,7,2
46.54,4,2
62.24,10,2
50.96,1,2
53.23,6,2
53.89,2,2
74.41,5,2
50.85,5,2
62.67,1,2
36.33,8,2
50.48,8,2
43.32,4,2
50.78,2,2
49.62,4,2
52.6,4,2
45.29,9,2
64.98,3,2
41.82,4,2
55.3,4,2
52.57,7,2
51.53,2,2
46.71,4,2
52.3,3,2
43.69,6,2
29.7,6,2
53.59,5,2
48.51,8,2
29.01,3,2
56.14,9,2
56.83,5,2
59.93,7,2
52.72,4,2
59.63,3,2
32.63,4,2
26.62,5,2
66.95,5,2
35.24,2,2
66.96,4,2
54.87,6,2
70.04,1,2
45.11,6,2
44.77,2,2
75.68,7,2
53.45,5,2
55.01,6,2
34.24,4,2
52.42,5,2
37.0,5,2
49.14,6,2
49.35,6,2
32.54,8,2
52.15,4,2
47.49,5,2
54.5,5,2
31.58,6,2
59.91,7,2
34.02,6,2
57.14,2,2
38.27,8,2
33.56,7,2
57.74,4,2
51.29,5,2
51.87,4,2
41.31,5,2
16.39,8,2
56.55,5,2
41.0,6,2
31.72,2,2
63.75,4,2
67.15,7,2
33.66,8,2
40.32,6,2
52.41,3,2
56.56,4,2
50.32,5,2
50.72,5,2
25.17,6,2
45.32,6,2
45.15,7,2
38.63,4,2
63.43,4,2
32.45,6,2
34.68,7,2
49.89,2,2
66.63,9,2
34.11,5,2
56.86,4,2
46.14,5,2
69.49,1,2
67.46,4,2
37.83,7,2
52.81,5,2
35.42,3,2
48.84,4,2
58.43,2,2
37.76,5,2
29.88,4,2
49.48,2,2
36.84,5,2
53.5,5,2
48.95,2,2
51.91,6,2
72.14,6,2
51.91,6,2
32.58,6,2
52.68,3,2
58.94,5,2
63.95,3,2
36.88,5,2
57.25,3,2
44.51,6,2
58.4,7,2
38.4,4,2
44.95,5,2
47.87,4,2
35.83,6,2
24.58,4,2
48.71,5,2
56.67,3,2
48.72,6,2
47.6,1,2
55.05,6,2
62.81,6,2
50.86,4,2
51.63,4,2
27.83,5,2
50.4,7,2
53.69,5,2
48.17,4,2
38.25,6,2
54.66,3,2
42.41,7,2
52.04,1,2
67.41,4,2
50.71,7,2
48.45,6,2
58.03,4,2
64.12,4,2
41.6,7,2
42.32,6,2
69.72,4,2
60.39,7,2
57.86,6,2
58.88,6,2
54.94,7,2
48.64,4,2
69.66,4,2
55.4,9,2
42.27,4,2
58.67,1,2
58.64,1,2
49.85,8,2
37.14,2,2
33.95,5,2
40.72,6,2
56.34,6,2
72.41,7,2
48.52,7,2
68.6,4,2
61.86,7,2
52.59,5,2
50.94,6,2
58.56,7,2
62.48,7,2
27.48,5,2
37.26,1,2
70.3,3,2
42.54,5,2
54.23,5,2
52.43,11,2
54.87,4,2
33.42,4,2
67.51,7,2
52.69,1,2
55.16,7,2
52.11,4,2
54.27,6,2
56.07,5,2
46.64,5,2
39.64,4,2
43.58,7,2
54.64,5,2
39.87,4,2
52.7,7,2
45.53,4,2
50.34,6,2
53.39,4,2
44.5,8,2
62.6,6,2
53.76,4,2
54.1,7,2
56.2,6,2
49.33,7,2
72.9,7,2
45.83,2,2
57.25,0,2
66.67,5,2
34.86,3,2
51.34,6,2
49.93,5,2
49.43,7,2
49.56,4,2
64.63,8,2
68.18,5,2
56.45,6,2
35.82,5,2
51.35,6,2
48.34,5,2
45.94,6,2
42.37,5,2
60.81,6,2
36.82,5,2
47.77,6,2
59.02,3,2
60.99,4,2
63.68,4,2
40.54,5,2
47.81,6,2
49.72,4,2
58.11,7,2
60.73,5,2
47.39,7,2
63.15,0,2
71.55,4,2
55.78,7,2
44.77,3,2
36.18,5,2
55.18,5,2
67.74,1,2
59.16,8,2
55.51,8,2
40.01,1,2
49.71,6,2
56.49,4,2
55.05,7,2
57.91,7,2
50.49,3,2
56.18,6,2
51.35,2,2
48.29,5,2
30.16,5,2
57.01,7,2
42.9,6,2
64.85,6,2
61.21,7,2
31.6,5,2
43.61,3,2
35.6,1,2
55.47,9,2
37.15,7,2
48.09,5,2
49.65,11,2
31.25,4,2
54.0,6,2
47.68,4,2
48.19,6,2
37.64,7,2
63.66,1,2
34.94,5,2
34.41,4,2
47.46,2,2
60.78,6,2
55.58,4,2
44.49,4,2
36.07,5,2
49.26,7,2
64.9,6,2
53.25,3,2
54.25,7,2
48.47,3,2
50.56,5,2
45.67,7,2
59.67,3,2
47.77,5,2
51.2,9,2
52.57,5,2
56.52,7,2
63.71,6,2
63.72,8,2
65.08,3,2
48.42,5,2
41.08,2,2
46.2,5,2
47.74,7,2
50.78,5,2
62.3,5,2
38.42,2,2
51.55,6,2
41.31,6,2
57.2,5,2
51.97,7,2
34.74,4,2
62.81,4,2
55.97,4,2
54.99,6,2
58.13,4,2
66.86,6,2
45.03,11,2
53.54,7,2
23.2,8,2
64.13,6,2
53.11,3,2
62.58,8,2
57.68,2,2
29.13,5,2
58.83,5,2
44.83,7,2
40.46,7,2
58.92,4,2
56.04,6,2
41.14,6,2
48.35,7,2
56.17,1,2
47.57,5,2
44.22,5,2
52.85,4,2
41.15,7,2
47.82,4,2
66.89,3,2
43.25,7,2
74.47,5,2
47.43,2,2
49.34,3,2
56.37,3,2
50.64,4,2
60.36,5,2
45.74,5,2
60.32,5,2
59.08,5,2
40.87,5,2
63.55,1,2
54.65,4,2
53.47,4,2
41.7,5,2
55.76,7,2
53.33,5,2
49.58,4,2
40.9,5,2
54.32,5,2
52.11,11,2
54.34,3,2
41.75,5,2
49.19,5,2
46.8,6,2
30.97,8,2
42.42,4,2
30.31,6,2
32.95,10,2
58.13,6,2
64.32,3,2
39.93,4,2
40.63,3,2
48.81,6,2
40.34,2,2
54.29,9,2
47.92,7,2
55.11,6,2
58.93,6,2
34.04,6,2
50.3,8,2
51.38,4,2
42.02,1,2
39.33,6,2
49.76,7,2
46.96,1,2
58.61,5,2
32.53,4,2
38.94,8,2
46.81,9,2
50.56,5,2
37.57,6,2
49.86,5,2
53.57,4,2
35.15,5,2
36.91,6,2
60.04,5,2
41.25,3,2
49.53,7,2
44.54,7,2
53.61,3,2
62.81,7,2
49.22,8,2
52.34,7,2
55.11,3,2
50.03,9,2
54.39,3,2
47.56,5,2
39.39,8,2
46.85,7,2
37.68,7,2
50.56,5,2
179.22,95,1
192.34,69,1
140.25,92,1
184.28,70,1
200.58,50,1
197.99,95,1
199.81,32,0
168.45,70,1
197.87,74,1
172.08,87,1
164.31,45,1
162.56,56,1
165.2,74,1
211.36,5,0
157.51,59,1
208.47,26,0
180.95,85,1
167.83,70,1
144.23,49,1
163.82,79,1
186.28,4,0
182.21,72,1
149.08,78,1
171.83,50,1
212.8,51,1
185.3,49,1
170.11,49,1
175.82,80,1
234.52,88,1
164.03,86,1
200.77,79,1
168.47,56,1
184.79,89,1
158.61,71,1
192.11,68,1
176.49,82,1
190.97,76,1
175.93,53,1
157.99,44,3
197.56,57,1
140.32,56,1
162.56,23,0
181.12,58,1
197.26,76,1
156.85,58,1
164.13,99,1
187.37,86,1
174.32,28,0
145.21,96,1
178.05,29,0
183.7,74,1
121.07,57,1
171.16,51,1
148.0,66,1
162.93,75,1
163.17,91,1
184.96,65,1
178.28,71,1
190.13,52,1
167.55,70,1
176.01,70,1
157.02,21,0
173.72,84,1
224.47,52,1
219.46,75,1
156.79,46,1
193.01,43,1
191.2,70,1
183.98,61,1
181.04,58,1
192.37,99,1
185.03,41,0
202.94,80,1
178.47,99,1
213.93,47,1
188.36,63,1
164.08,71,1
173.91,75,1
175.29,34,0
208.65,45,1
212.49,25,0
183.78,56,1
162.3,74,1
164.83,53,1
172.53,76,1
179.26,79,1
187.12,99,1
191.47,93,1
202.02,38,0
188.06,75,1
201.54,90,1
165.23,57,1
183.92,29,0
166.22,77,1
167.75,41,3
219.54,39,0
209.43,64,1
145.28,91,1
185.5,67,1
168.77,55,1
174.41,36,0
169.45,67,1
159.2,46,1
184.76,56,1
228.21,61,1
151.81,67,1
158.47,100,1
186.03,65,1
169.85,99,1
154.52,51,1
198.3,99,1
149.71,78,1
182.53,99,1
204.62,38,0
224.94,27,0
177.2,87,1
182.4,83,1
189.88,97,1
214.17,73,1
159.8,58,1
150.8,8,0
149.55,7,0
154.72,19,0
188.1,15,0
151.59,4,0
209.27,11,0
184.26,7,0
184.77,15,0
168.27,14,0
178.52,17,0
190.16,12,0
176.3,18,0
195.01,10,0
176.1,5,0
186.4,19,0
158.63,13,0
190.1,6,0
198.1,3,0
165.93,1,0
162.35,13,0
203.98,11,0
177.21,16,0
192.25,12,0
164.47,7,0
210.88,12,0
171.76,12,0
180.06,8,0
166.36,1,0
203.85,12,0
200.37,1,0
149.51,10,0
180.26,15,0
203.91,12,0
203.13,11,0
139.35,6,0
158.88,20,0
194.37,15,0
170.38,16,0
179.61,15,0
221.45,3,0
181.05,4,0
179.97,0,0
192.78,7,0
174.71,9,0
168.64,5,0
156.17,17,0
186.51,15,0
173.21,14,0
166.02,12,0
159.14,8,0
207.13,13,0
183.67,14,0
171.29,14,0
200.64,10,0
179.25,12,0
177.43,10,0
180.8,9,0
166.45,17,0
156.41,10,0
172.5,5,0
158.02,8,0
179.76,8,0
163.26,13,0
177.75,12,0
184.44,5,0
187.98,15,0
146.8,18,0
196.9,1,0
171.24,1,0
220.23,2,0
200.41,7,0
207.52,10,0
183.1,14,0
175.04,10,0
173.26,19,0
159.7,11,0
175.37,18,0
198.44,3,0
168.76,5,0
165.87,3,0
145.73,9,0
179.68,0,0
184.94,11,0
227.52,7,0
149.36,9,0
182.32,15,0
200.6,18,0
183.21,13,0
195.43,9,0
185.17,4,0
179.33,5,0
196.17,12,0
183.14,9,0
156.71,17,0
174.79,10,0
174.48,4,0
220.39,7,0
189.07,4,0
152.64,16,0
185.33,8,0
176.88,7,0
171.65,15,0
166.33,8,0
163.94,0,0
192.77,14,0
206.13,9,0
173.2,16,0
171.41,12,0
202.04,7,0
168.84,7,0
178.48,7,0
188.51,13,0
187.13,19,0
192.89,15,0
163.5,9,0
174.78,14,0
182.67,9,0
193.88,9,0
147.55,12,0
182.63,12,0
169.78,15,0
225.68,2,0
206.08,15,0
154.75,13,0
165.07,8,0
197.07,14,0
183.97,11,0
165.07,4,0
213.82,7,0
155.84,13,0
188.57,9,0
199.02,9,0
189.61,16,0
178.34,9,0
187.46,7,0
193.3,7,0
169.02,4,0
165.71,6,0
169.48,1,0
174.91,12,0
171.99,13,0
179.52,8,0
172.02,14,0
161.32,9,0
164.26,11,0
206.47,21,0
158.71,9,0
207.08,4,0
177.63,7,0
193.4,12,0
190.06,19,0
171.15,5,0
198.13,16,0
160.23,4,0
167.46,14,0
195.66,4,0
175.16,13,0
194.29,10,0
188.86,6,0
182.61,10,0
180.45,4,0
191.98,10,0
184.19,14,0
211.8,9,0
199.29,21,0
201.79,1,0
187.37,14,0
215.94,8,0
182.43,9,0
210.69,2,0
212.54,13,0
205.43,7,0
185.52,16,0
188.19,3,0
179.74,11,0
217.21,8,0
170.23,13,0
180.18,11,0
191.03,1,0
199.33,9,0
206.15,14,0
170.85,16,0
137.67,4,0
197.27,14,0
148.83,1,0
181.67,8,0
166.1,18,0
185.73,3,0
184.66,8,0
175.8,7,0
189.2,4,0
205.78,9,0
156.87,16,0
185.54,8,0
186.14,11,0
183.3,16,0
190.39,13,0
166.15,11,0
162.71,10,0
189.62,8,0
212.42,7,0
186.3,9,0
152.55,17,0
174.29,10,0
146.35,16,0
134.81,20,0
191.22,8,0
187.7,17,0
219.29,17,0
206.59,10,0
218.79,8,0
171.7,14,0
168.33,10,0
160.71,11,0
217.76,4,0
140.49,7,0
170.73,11,0
196.13,17,0
170.58,22,0
160.52,19,0
181.77,18,0
195.7,12,0
159.86,9,0
162.96,22,0
177.53,4,0
179.4,2,0
156.38,6,0
196.12,8,0
204.96,7,0
184.1,19,0
186.88,9,0
193.86,6,0
171.51,8,0
169.25,9,0
155.86,6,0
176.54,3,0
168.36,13,0
149.91,5,0
189.38,6,0
194.15,12,0
186.47,10,0
185.5,13,0
186.69,15,0
179.23,6,0
158.05,8,0
189.13,6,0
181.82,6,0
150.31,14,0
177.95,8,0
160.49,6,0
184.62,6,0
197.02,8,0
184.32,11,0
195.47,14,0
191.27,8,0
208.19,17,0
178.37,6,0
169.24,4,0
166.62,14,0
189.78,17,0
145.39,15,0
164.47,10,0
163.39,6,0
159.11,15,0
169.56,17,0
188.25,18,0
184.12,7,0
199.37,7,0
175.81,8,0
175.06,9,0
190.85,9,0
188.89,1,0
192.77,14,0
179.24,7,0
170.86,7,0
171.29,19,0
168.9,5,0
161.76,5,0
169.54,12,0
173.72,10,0
180.98,8,0
181.89,17,0
172.85,13,0
244.79,9,0
176.79,8,0
148.44,7,0
216.66,9,0
161.14,10,0
183.38,3,0
175.29,11,0
167.02,10,0
234.09,7,0
168.98,14,0
242.37,15,0
160.78,11,0
190.56,11,0
195.33,14,0
196.23,4,0
209.76,15,0
172.78,5,0
201.99,15,0
162.56,13,0
191.81,7,0
170.72,1,0
189.45,21,0
189.77,16,0
201.69,14,0
191.59,12,0
154.93,14,0
149.19,16,0
165.07,12,0
156.57,7,0
162.34,9,0
177.82,12,0
205.07,15,0
155.83,10,0
181.53,13,0
195.87,3,0
170.3,6,0
167.89,15,0
187.17,7,0
153.81,18,0
164.53,7,0
174.81,13,0
152.1,10,0
157.26,18,0
203.03,10,0
172.78,8,0
164.95,11,0
182.99,5,0
170.9,0,0
150.57,15,0
187.45,4,0
135.98,14,0
187.55,5,0
241.71,22,0
168.04,12,0
156.01,14,0
189.75,9,0
178.42,3,0
211.26,6,0
171.7,12,0
145.07,6,0
194.55,6,0
157.26,10,0
153.34,9,0
193.78,6,0
200.72,20,0
193.21,14,0
176.23,16,0
172.11,12,0
193.31,8,0
174.3,12,0
164.4,10,0
162.68,5,0
173.55,3,0
172.15,8,0
202.84,17,0
197.95,10,0
167.21,5,0
136.52,13,0
199.92,0,0
152.09,24,0
170.87,15,0
137.16,16,0
164.38,8,0
212.41,12,0
163.36,15,0
158.31,4,0
162.26,14,0
211.99,6,0
160.26,20,0
228.96,13,0
182.69,11,0
162.8,11,0
193.58,16,0
161.26,10,0
201.12,19,0
181.35,13,0
168.64,9,0
175.58,9,0
160.2,9,0
192.22,6,0
197.6,10,0
189.82,7,0
205.8,13,0
193.33,12,0
132.03,15,0
190.33,14,0
173.9,11,0
179.11,6,0
209.64,7,0
161.9,15,0
166.62,9,0
161.64,10,0
162.9,10,0
178.88,10,0
171.97,12,0
179.56,17,0
188.59,16,0
151.09,13,0
194.87,8,0
200.21,5,0
196.39,6,0
193.05,11,0
183.61,6,0
166.8,8,0
190.45,14,0
184.29,7,0
197.44,15,0
170.72,7,0
168.56,5,0
168.22,9,0
165.22,16,0
143.37,10,0
224.24,16,0
173.49,8,0
190.04,16,0
178.39,11,0
194.68,2,0
170.72,1,0
181.64,17,0
207.34,9,0
189.85,9,0
142.83,5,0
168.14,1,0
161.94,9,0
151.65,1,0
177.29,10,0
173.02,3,0
182.6,10,0
208.78,11,0
160.5,14,0
170.45,1,0
164.37,7,0
180.1,14,0
192.31,12,0
167.88,6,0
231.57,13,0
189.68,10,0
192.61,10,0
218.21,11,0
168.88,14,0
150.0,8,0
178.17,10,0
190.84,1,0
211.34,15,0
161.98,9,0
208.42,7,0
185.7,17,0
165.15,9,0
166.68,14,0
213.12,3,0
217.91,3,0
159.47,22,0
176.44,5,0
173.35,6,0
194.1,4,0
176.01,16,0
193.08,9,0
180.84,21,0
191.52,9,0
141.96,15,0
154.33,3,0
185.15,10,0
185.38,7,0
208.96,18,0
176.97,4,0
162.58,1,0
184.14,9,0
154.74,1,0
180.91,11,0
184.74,1,0
186.24,4,0
181.3,11,0
180.36,13,0
163.72,6,0
177.04,6,0
154.59,19,0
196.37,17,0
219.84,15,0
189.97,3,0
168.09,5,0
190.94,20,0
192.12,16,0
218.67,1,0
188.26,14,0
200.32,9,0
188.22,12,0
207.01,18,0
173.38,11,0
161.51,5,0
169.75,5,0
169.66,11,0
150.46,14,0
176.96,23,0
200.62,8,0
197.08,14,0
196.95,11,0
116.58,4,2
174.58,5,0
187.16,11,0
184.46,4,0
170.72,15,0
168.24,10,0
187.67,17,0
218.58,9,0
155.02,9,0
153.84,9,0
180.65,16,0
168.76,7,0
153.5,1,0
159.53,15,0
207.44,13,0
229.3,15,0
180.6,13,0
165.09,4,0
205.4,11,0
171.19,10,0
188.24,3,0
189.25,7,0
160.94,13,0
185.58,3,0
171.79,6,0
179.7,9,0
193.68,8,0
195.95,4,0
169.72,6,0
207.05,13,0
205.62,11,0
166.64,11,0
168.34,9,0
185.5,13,0
191.31,7,0
140.59,3,0
188.61,9,0
167.46,11,0
186.26,4,0
188.34,18,0
157.73,12,0
175.69,16,0
134.54,10,0
190.28,10,0
168.01,3,0
188.49,11,0
164.43,12,0
186.42,14,0
201.97,17,0
201.38,1,0
196.34,9,0
171.64,16,0
183.96,6,0
192.31,8,0
180.63,12,0
194.13,11,0
175.76,5,0
163.89,8,0
164.29,12,0
170.9,15,0
166.87,15,0
164.77,6,0
184.45,12,0
191.82,7,0
183.61,14,0
171.42,4,0
186.55,8,0
200.37,6,0
166.72,9,0
192.38,10,0
151.88,4,0
196.56,1,0
172.43,11,0
169.64,9,0
177.33,1,0
156.76,15,0
165.76,5,0
176.43,11,0
159.11,16,0
186.67,15,0
169.32,10,0
177.78,11,0
180.73,1,0
202.18,1,0
159.31,10,0
166.8,10,0
177.09,7,0
170.6,3,0
190.14,13,0
201.05,9,0
174.91,14,0
168.01,15,0
152.99,6,0
145.17,15,0
174.44,9,0
181.52,14,0
185.27,9,0
176.37,11,0
159.92,15,0
150.21,1,0
152.6,15,0
197.71,9,0
174.78,4,0
156.2,4,0
174.5,6,0
210.4,10,0
200.05,9,0
164.96,5,0
176.5,11,0
192.86,21,0
188.22,8,0
178.57,17,0
203.38,8,0
192.32,14,0
176.15,9,0
156.61,20,0
176.51,14,0
190.66,7,0
154.62,5,0
162.97,15,0
207.96,7,0
176.65,11,0
164.56,0,0
203.41,7,0
182.19,15,0
201.68,16,0
135.38,8,0
153.45,1,0
182.71,11,0
177.44,4,0
208.52,5,0
175.58,11,0
161.6,6,0
168.09,12,0
168.77,10,0
158.86,14,0
182.16,6,0
199.42,8,0
172.99,10,0
182.44,10,0
166.96,8,0
153.58,12,0
185.68,18,0
214.8,20,0
185.39,20,0
169.35,19,0
181.75,10,0
159.89,17,0
196.52,12,0
169.65,14,0
192.21,8,0
180.29,20,0
222.08,11,0
165.1,13,0
212.75,9,0
170.64,13,0
196.2,14,0
189.99,12,0
208.96,10,0
219.39,1,0
188.25,10,0
187.13,12,0
187.28,8,0
192.74,13,0
211.2,8,0
189.88,9,0
165.58,6,0
191.88,7,0
194.22,12,0
167.22,2,0
185.37,14,0
203.8,22,0
167.05,10,0
177.48,19,0
170.22,16,0
209.76,18,0
160.04,10,0
176.17,5,0
170.91,12,0
176.14,5,0
168.03,9,0
